Catégorie,Infraction,Amende,GAV,Note,Peines,,,
,Livret Pénal,,,Création John Altaro Copyright 2023,,,,@John Altaro
,,,,,,,,
,,,,SASP OLYMPUS RP,,,,
Contravention,,,,Retrait permis,Amende / Retrait de points (RP) / Avertissement écrit,,,
Contravention,Conduite en état d'ivresse > 0.5g/l,5000,,Retrait permis,Amende / Retrait de points (RP) / Avertissement écrit,,,
Contravention,Conduite sans casque moto ,500$,,,Amende / Retrait de points (RP) / Avertissement écrit,,,
Contravention,Conduite sans permis,8000,,Mise en fourrière du véhicule,Amende / Retrait de points (RP) / Avertissement écrit,,,
Contravention,Conduite sans port de casque,5000,,,Amende / Retrait de points (RP) / Avertissement écrit,,,
Contravention,Conduite sous influence de stupéfiants,6500,,Retrait permis,Amende / Retrait de points (RP) / Avertissement écrit,,,
Contravention,Demi-tour non autorisé,750$,,,Amende / Retrait de points (RP) / Avertissement écrit,,,
Contravention,Dissimulation du visage,2000,,,Amende / Retrait de points (RP) / Avertissement écrit,,,
Contravention,"En cas de dépassement de vitesse, une amende d’au moins",500,,,Amende / Retrait de points (RP) / Avertissement écrit / Retrait du permis (temporaire RP) / Immobilisation/Mise en fourrière RP,,,
Contravention,Excès de vitesse 25-50 km/h au dessus de la limite,6000,,,Amende / Retrait de points (RP) / Avertissement écrit / Retrait du permis (temporaire RP) / Immobilisation/Mise en fourrière RP,,,
Contravention,Excès de vitesse 5-25km/h au dessus de la limite,3000,,,Amende / Retrait de points (RP) / Avertissement écrit / Retrait du permis (temporaire RP) / Immobilisation/Mise en fourrière RP,,,
Contravention,Incivilité sur la voie publique (sans débordement),4500,,,Amende / Retrait de points (RP) / Avertissement écrit,,,
Contravention,Ivresse sur la voie publique,2500,,Céllule de Dégrisement,Amende / Retrait de points (RP) / Avertissement écrit,,,
Contravention,L'usage abusif du klaxon est passible d'une amende minimale de,2000,,,Amende / Retrait de points (RP) / Avertissement écrit,,,
Contravention,L'utilisation du téléphone portable en conduisant entraîne une amende minimale de,500,,,Amende / Retrait de points (RP) / Avertissement écrit,,,
Contravention,La conduite dangereuse ou la perte de contrôle du véhicule est sanctionnée par une amende minimale de,1000,,,Amende / Retrait de points (RP) / Avertissement écrit,,,
Contravention,Le dépassement de vitesse en zone rurale (plus de 50 km/h au-delà de la limite hors agglomération) est puni d'une amende minimale de,1500,,,Amende / Retrait de points (RP) / Avertissement écrit / Retrait du permis (temporaire RP) / Immobilisation/Mise en fourrière RP,,,
Contravention,Le dépassement de vitesse en zone urbaine (plus de 50 km/h au-delà de la limite en ville),1500,,,Amende / Retrait de points (RP) / Avertissement écrit / Retrait du permis (temporaire RP) / Immobilisation/Mise en fourrière RP,,,
Contravention,Le dépassement de vitesse léger (0 à 15 km/h au-delà de la limite) est sanctionné par une amende minimale de ,500,,,Amende / Retrait de points (RP) / Avertissement écrit / Retrait du permis (temporaire RP) / Immobilisation/Mise en fourrière RP,,,
Contravention,Le dépassement important de la vitesse (31 à 50 km/h au-delà de la limite) est passible d'une amende minimale de,1000$,,,Amende / Retrait de points (RP) / Avertissement écrit / Retrait du permis (temporaire RP) / Immobilisation/Mise en fourrière RP,,,
Contravention,Le dépassement modéré de la vitesse (16 à 30 km/h au-delà de la limite) entraîne une amende d'au moins,850,,,Amende / Retrait de points (RP) / Avertissement écrit / Retrait du permis (temporaire RP) / Immobilisation/Mise en fourrière RP,,,
Contravention,Le franchissement illégal d'une ligne continue est passible d'une amende minimale de,500,,,Amende / Retrait de points (RP) / Avertissement écrit,,,
Contravention,Le non-respect des règles d'éclairage du véhicule est puni d'une amende minimale de ,350$,,,Amende / Retrait de points (RP) / Avertissement écrit,,,
Contravention,Le non-respect du feu rouge est puni d'une amende d'au moins,500,,,Amende / Retrait de points (RP) / Avertissement écrit,,,
Contravention,Le refus de présenter une pièce d’identité lors d’un contrôle est sanctionné par une amende minimale de,3000$,,,Amende / Retrait de points (RP) / Avertissement écrit,,,
Contravention,Le stationnement en zone dangereuse est puni d'une amende minimale de,350$,,,Amende / Retrait de points (RP) / Avertissement écrit / Mise en fourrière RP,,,
Contravention,Le stationnement gênant est sanctionné par une amende d'au moins,1500,,,Amende / Retrait de points (RP) / Avertissement écrit / Mise en fourrière RP,,,
Contravention,Les canulars téléphoniques seront sanctionnés par une amende minimale de ,5000,,,Amende / Retrait de points (RP) / Avertissement écrit,,,
Contravention,L’ivresse manifeste sur la voie publique expose à une amende d’un minimum de,5000$,,,Amende / Retrait de points (RP) / Avertissement écrit,,,
Contravention,Mendicité en lieu public,150,,,Amende / Retrait de points (RP) / Avertissement écrit,,,
Contravention,Non respect d'un feu/stop,750,,,Amende / Retrait de points (RP) / Avertissement écrit,,,
Contravention,Non respect d'une ligne continue,750$,,,Amende / Retrait de points (RP) / Avertissement écrit,,,
Contravention,Port du Holster sans PPA,1500$,,Saisie du Holster,Amende / Retrait de points (RP) / Avertissement écrit,,,
Contravention,Porter atteinte à la pudeur est passible d’une amende d’un montant minimal de ,1500,,,Amende / Retrait de points (RP) / Avertissement écrit,,,
Contravention,Propos racistes ou homophobes ou portant atteinte à l'intégrité morale,6500,,,Amende / Retrait de points (RP) / Avertissement écrit,,,
Contravention,Refuser une fouille lors d’une procédure officielle entraîne une sanction d’au moins,1000,,,Amende / Retrait de points (RP) / Avertissement écrit,,,
Contravention,Stationnement Génant,1000,,,Amende / Retrait de points (RP) / Avertissement écrit / Mise en fourrière RP,,,
Contravention,Stationnement Interdit,3000,,Mise en fourrière du véhicule,Amende / Retrait de points (RP) / Avertissement écrit / Mise en fourrière RP,,,
Contravention,Tout acte de voyeurisme entraînera une sanction d’au moins ,1500,,,Amende / Retrait de points (RP) / Avertissement écrit,,,
Contravention,Usage abusif du klaxon,250$,,,Amende / Retrait de points (RP) / Avertissement écrit,,,
Contravention,Véhicule Dégradé,250,,,Amende / Retrait de points (RP) / Avertissement écrit,,,
Délit mineur,Agression a l'arme blanche,20000,15 minutes,Saisie armes ,Amende / TIG (1 à 3 cycles) / GAV (jusqu’à 30 min RP),,,
Délit mineur,Agression sur citoyen,9000,5 minutes,,Amende / TIG (1 à 3 cycles) / GAV (jusqu’à 30 min RP),,,
Délit mineur,Agression sur un représentant de l'état ,13000,10 minutes,,Amende / TIG (1 à 3 cycles) / GAV (jusqu’à 30 min RP),,,
Délit mineur,Arnaque,7500,,,Amende / TIG (1 à 3 cycles) / GAV (jusqu’à 30 min RP),,,
Délit mineur,Auteur de cambriolage,,,,Amende / TIG (1 à 3 cycles) / GAV (jusqu’à 30 min RP),,,
Délit mineur,Auteur de coups et blessures,6500,,,Amende / TIG (1 à 3 cycles) / GAV (jusqu’à 30 min RP),,,
Délit mineur,Auteur de défaut de papiers officiels,2500,,,Amende / TIG (1 à 3 cycles) / GAV (jusqu’à 30 min RP),,,
Délit mineur,Auteur de faux appel d’urgence,3500,,,Amende / TIG (1 à 3 cycles) / GAV (jusqu’à 30 min RP),,,
Délit mineur,Auteur de menace,3500,,,Amende / TIG (1 à 3 cycles) / GAV (jusqu’à 30 min RP) / Interdiction de contact RP (24-72h),,,
Délit mineur,Auteur de non-assistance à personne en danger,3000,,Procureur,Amende / TIG (1 à 3 cycles) / GAV (jusqu’à 30 min RP),,,
Délit mineur,Auteur de participation à une fusillade,12500,,Procureur,Amende / TIG (1 à 3 cycles) / GAV (jusqu’à 30 min RP),,,
Délit mineur,Auteur de publication de contenus illégaux,12000,,,Amende / TIG (1 à 3 cycles) / GAV (jusqu’à 30 min RP),,,
Délit mineur,Auteur de refus de se soumettre à un contrôle,4650,,,Amende / TIG (1 à 3 cycles) / GAV (jusqu’à 30 min RP),,,
Délit mineur,Auteur d’agression,10000,,,Amende / TIG (1 à 3 cycles) / GAV (jusqu’à 30 min RP),,,
Délit mineur,Auteur d’entrave aux actions de police,13500,,Procureur,Amende / TIG (1 à 3 cycles) / GAV (jusqu’à 30 min RP),,,
Délit mineur,Auteur d’entrave à une enquête judiciaire,13500,,Procureur,Amende / TIG (1 à 3 cycles) / GAV (jusqu’à 30 min RP),,,
Délit mineur,Auteur d’injure publique,2500,,,Amende / TIG (1 à 3 cycles) / GAV (jusqu’à 30 min RP),,,
Délit mineur,Braconnage,10500,15 minutes,Saisie,Amende / TIG (1 à 3 cycles) / GAV (jusqu’à 30 min RP),,,
Délit mineur,Braquage de conteneurs,,,,Amende / TIG (1 à 3 cycles) / GAV (jusqu’à 30 min RP),,,
Délit mineur,Braquage de l’armurerie,,,,Amende / TIG (1 à 3 cycles) / GAV (jusqu’à 30 min RP),,,
Délit mineur,Braquage de supérette,,,,Amende / TIG (1 à 3 cycles) / GAV (jusqu’à 30 min RP),,,
Délit mineur,Braquage à main armée,,,,Amende / TIG (1 à 3 cycles) / GAV (jusqu’à 30 min RP),,,
Délit mineur,Braquage à main armée Citoyens,26000,15 minutes,"Saisie armes /
Retrait PPA",Amende / TIG (1 à 3 cycles) / GAV (jusqu’à 30 min RP),,,
Délit mineur,Cambriolage,18000,15 minutes,Saisie du vol / Dédommagement,Amende / TIG (1 à 3 cycles) / GAV (jusqu’à 30 min RP),,,
Délit mineur,Carjacking,15000,,,Amende / TIG (1 à 3 cycles) / GAV (jusqu’à 30 min RP),,,
Délit mineur,Conduire en état d’ivresse constitue une infraction grave.,10000,,,Retrait du permis de conduire,,,
Délit mineur,"Conduire malgré une suspension, une rétention ou une annulation de permis ",12000,,Procureur,Amende / TIG (1 à 3 cycles) / GAV (jusqu’à 30 min RP),,,
Délit mineur,Conduite dangereuse,9000,,,Amende / TIG (1 à 3 cycles) / GAV (jusqu’à 30 min RP) / Suspension permis (RP 24-72h),,,
Délit mineur,Conduite sous stupéfiants,12000,,,Retrait du permis de conduire + cure de désintoxication,,,
Délit mineur,Course de rue illegale,16000,15 minutes,Mise en fourrière,Amende / TIG (1 à 3 cycles) / GAV (jusqu’à 30 min RP),,,
Délit mineur,Diffamation,8500,,Possible dédomagement de la victime,Amende / TIG (1 à 3 cycles) / GAV (jusqu’à 30 min RP),,,
Délit mineur,Dissimulation le visage dans un lieu public ,2000,,,Amende / TIG (1 à 3 cycles) / GAV (jusqu’à 30 min RP),,,
Délit mineur,Dégradation de biens privés,25000,15 minutes,,Amende / TIG (1 à 3 cycles) / GAV (jusqu’à 30 min RP),,,
Délit mineur,Dégradation de biens publics,8000,5 minutes,,Amende / TIG (1 à 3 cycles) / GAV (jusqu’à 30 min RP),,,
Délit mineur,Dégradation de matériels publics (Ex: Veh LSPD),30000,15 minutes,,Amende / TIG (1 à 3 cycles) / GAV (jusqu’à 30 min RP),,,
Délit mineur,Délit de fuite,12000,10 minutes,Mise en fourrière,Amende / TIG (1 à 3 cycles) / GAV (jusqu’à 30 min RP),,,
Délit mineur,Détention illégale de catégorie 1,7500,,,Amende / TIG (1 à 3 cycles) / GAV (jusqu’à 30 min RP),,,
Délit mineur,Entrave aux Services Publics / SPAM bipeur,8000,10 minutes,,Amende / TIG (1 à 3 cycles) / GAV (jusqu’à 30 min RP),,,
Délit mineur,Entrave volontaire à la circulation ,6200,10 minutes,,Amende / TIG (1 à 3 cycles) / GAV (jusqu’à 30 min RP),,,
Délit mineur,Entrave à la circulation,2500,,,Amende / TIG (1 à 3 cycles) / GAV (jusqu’à 30 min RP),,,
Délit mineur,Excès de vitesse supérieur à 50km/h,11000,10 minutes,Retrait de permis,Amende / TIG (1 à 3 cycles) / GAV (jusqu’à 30 min RP),,,
Délit mineur,Exhibition d’armes,18000,10 minutes,Saisie armes,Amende / TIG (1 à 3 cycles) / GAV (jusqu’à 30 min RP),,,
Délit mineur,Exhibition d’armes lourdes,35000,15 minutes,Saisie armes,Amende / TIG (1 à 3 cycles) / GAV (jusqu’à 30 min RP),,,
Délit mineur,Go Fast,18000,,Procureur,Amende / TIG (1 à 3 cycles) / GAV (jusqu’à 30 min RP),,,
Délit mineur,Hacking d'un ATM  ,6500,,,Amende / TIG (1 à 3 cycles) / GAV (jusqu’à 30 min RP),,,
Délit mineur,Harcelement/CyberHarcèlement,20000,15 minutes,,Amende / TIG (1 à 3 cycles) / GAV (jusqu’à 30 min RP),,,
Délit mineur,La culture de stupéfiants ,10000,,,x quantité,,,
Délit mineur,La destruction volontaire de biens appartenant à autrui est punie,6000,,,Amende / TIG (1 à 3 cycles) / GAV (jusqu’à 30 min RP),,,
Délit mineur,La fabrication ou transformation de produits stupéfiants,16000,,Procureur,Amende / TIG (1 à 3 cycles) / GAV (jusqu’à 30 min RP),,,
Délit mineur,La profanation d’une tombe ou d’un lieu de mémoire,5000,,,Amende / TIG (1 à 3 cycles) / GAV (jusqu’à 30 min RP),,,
Délit mineur,Le fait de montrer une arme à feu de manière dangereuse ou inappropriée,12000,,,Amende / TIG (1 à 3 cycles) / GAV (jusqu’à 30 min RP),,,
Délit mineur,"Le fait de porter atteinte volontairement à la vie privée d’autrui, notamment par enregistrement, diffusion ou usage non consenti d’informations personnelles",14500,,,Amende / TIG (1 à 3 cycles) / GAV (jusqu’à 30 min RP),,,
Délit mineur,"Le pilotage d’un véhicule maritime ou aérien ou motoriser sans la licence requise est sanctionné, en tant qu’auteur de pilotage sans permis",3000,,,Amende / TIG (1 à 3 cycles) / GAV (jusqu’à 30 min RP),,,
Délit mineur,"Le port d’un gilet pare-balles, holster ou tout équipement de protection en dehors du cadre légal constitue un port illégal d’équipement ",12000,,,Amende / TIG (1 à 3 cycles) / GAV (jusqu’à 30 min RP),,,
Délit mineur,Le stockage d’équipement ou matériel servant à la fabrication de stupéfiants,15000,,Procureur,Amende / TIG (1 à 3 cycles) / GAV (jusqu’à 30 min RP),,,
Délit mineur,"Le vol de véhicule(s), qu’il s’agisse d’un ou de plusieurs",12000,,,x quantité,,,
Délit mineur,"L’incitation à la haine, à la violence ou à la discrimination par des paroles ou des actes est punie",12000,,,Amende / TIG (1 à 3 cycles) / GAV (jusqu’à 30 min RP),,,
Délit mineur,"L’organisation, le financement ou la participation à des combats entre personnes ou animaux hors cadre légal",18500,,,Amende / TIG (1 à 3 cycles) / GAV (jusqu’à 30 min RP),,,
Délit mineur,Menaces de Mort et/ou Menaces graves,13000,5 minutes,,Amende / TIG (1 à 3 cycles) / GAV (jusqu’à 30 min RP) / Interdiction de contact RP (24-72h),,,
Délit mineur,Mise en danger de la vie d’autrui,15500,5 minutes,,Amende / TIG (1 à 3 cycles) / GAV (jusqu’à 30 min RP),,,
Délit mineur,Non assistance a personne en danger,5000,5 minutes,,Amende / TIG (1 à 3 cycles) / GAV (jusqu’à 30 min RP),,,
Délit mineur,Non présentation à une convocation de police,8500,10 minutes,Possibilité de mandat d'arrêt,Amende / TIG (1 à 3 cycles) / GAV (jusqu’à 30 min RP),,,
Délit mineur,Non respect du contrôle judiciaire,10000,10 minutes,Retour en cellule,Amende / TIG (1 à 3 cycles) / GAV (jusqu’à 30 min RP),,,
Délit mineur,Organisation evenementiel sans autorisations,15000,10 minutes,,Amende / TIG (1 à 3 cycles) / GAV (jusqu’à 30 min RP),,,
Délit mineur,Outrage à un représentant de l'état (Gouvernement / EMS) et Barreau (Avocat),6500,10 minutes,,Amende / TIG (1 à 3 cycles) / GAV (jusqu’à 30 min RP) / Interdiction de contact RP (24-72h),,,
Délit mineur,Participation à une manifestation illégale,4000,,,Amende / TIG (1 à 3 cycles) / GAV (jusqu’à 30 min RP),,,
Délit mineur,"Participer ou organiser une course de rue non autorisée est puni, en tant qu’auteur de course illégale",6000,,,Amende / TIG (1 à 3 cycles) / GAV (jusqu’à 30 min RP),,,
Délit mineur,Port d'arme de chasse non réglementé,12500,10 minutes,Saisie de l'arme,Amende / TIG (1 à 3 cycles) / GAV (jusqu’à 30 min RP),,,
Délit mineur,Possesion d'Heroine ,1500$ unité,10 minutes,si > 50 = Trafic / Saisie,Amende / TIG (1 à 3 cycles) / GAV (jusqu’à 30 min RP),,,
Délit mineur,Possession Cannabis,750$ unité,10 minutes,si > 50 = Trafic / Saisie,Amende / TIG (1 à 3 cycles) / GAV (jusqu’à 30 min RP),,,
Délit mineur,Possession Cocaïne,1000$ unité,10 minutes,si > 50 = Trafic / Saisie,Amende / TIG (1 à 3 cycles) / GAV (jusqu’à 30 min RP),,,
Délit mineur,Possession Méthamphétamine,1250,10 minutes,si > 50 = Trafic x qté,Amende / TIG (1 à 3 cycles) / GAV (jusqu’à 30 min RP),,,
Délit mineur,Possession d'Opium,1800,10 minutes,si > 50 = Trafic  x qté,Amende / TIG (1 à 3 cycles) / GAV (jusqu’à 30 min RP),,,
Délit mineur,Possession d'argent liquide > 5k$ sans justificatif,25% de la somme saisie,10 minutes,Saisie de l'argent,Amende / TIG (1 à 3 cycles) / GAV (jusqu’à 30 min RP),,,
Délit mineur,Possession de Champignon,1000$ unité,10 minutes,si > 50 = Trafic / Saisie,Amende / TIG (1 à 3 cycles) / GAV (jusqu’à 30 min RP),,,
Délit mineur,Possession de feuille de cannabis,100$ unité,10 minutes,si > 50 = Trafic / Saisie,Amende / TIG (1 à 3 cycles) / GAV (jusqu’à 30 min RP),,,
Délit mineur,Possession de feuille de coca,150$ unité,10 minutes,si > 50 = Trafic / Saisie,Amende / TIG (1 à 3 cycles) / GAV (jusqu’à 30 min RP),,,
Délit mineur,Possession de fleurs de pavot,250$ unité,10 minutes,si > 50 = Trafic / Saisie,Amende / TIG (1 à 3 cycles) / GAV (jusqu’à 30 min RP),,,
Délit mineur,Possession de pousse de champignon,150$ unité,10 minutes,si > 50 = Trafic / Saisie,Amende / TIG (1 à 3 cycles) / GAV (jusqu’à 30 min RP),,,
Délit mineur,Possession de produit chimique,300$ unité,10 minutes,si > 50 = Trafic / Saisie,Amende / TIG (1 à 3 cycles) / GAV (jusqu’à 30 min RP),,,
Délit mineur,"Proférer des menaces (verbales ou écrites, dans le but d’intimider ou nuire à une personne)",4500,,,Amende / TIG (1 à 3 cycles) / GAV (jusqu’à 30 min RP) / Interdiction de contact RP (24-72h),,,
Délit mineur,Recel d'armes légales,25000,20 minutes,x qté et retrait du ppa,Amende / TIG (1 à 3 cycles) / GAV (jusqu’à 30 min RP),,,
Délit mineur,Recel d'objets volés,3000,10 minutes,x qté,Amende / TIG (1 à 3 cycles) / GAV (jusqu’à 30 min RP),,,
Délit mineur,Recel de véhicule volé,12000,10 minutes,Mise en fourrière du véhicule,Amende / TIG (1 à 3 cycles) / GAV (jusqu’à 30 min RP),,,
Délit mineur,Refus de se soumettre à une injonction,6000,5 minutes,,Amende / TIG (1 à 3 cycles) / GAV (jusqu’à 30 min RP),,,
Délit mineur,Refus d’obtempérer,2500,,,Amende / TIG (1 à 3 cycles) / GAV (jusqu’à 30 min RP),,,
Délit mineur,Sollicitation ou incitation à la prostitution  ,7500,5 minutes,,Amende / TIG (1 à 3 cycles) / GAV (jusqu’à 30 min RP),,,
Délit mineur,Tentative de vol de véhicule,6000,5 minutes,,Amende / TIG (1 à 3 cycles) / GAV (jusqu’à 30 min RP),,,
Délit mineur,"Toute insulte visant une personne ou un groupe en raison de leur origine, appartenance (réelle ou supposée) à une ethnie, nation, race ou religion ",20000,,,Amende / TIG (1 à 3 cycles) / GAV (jusqu’à 30 min RP),,,
Délit mineur,Toute personne impliquée dans la vent de substances interdites,10000,,,Amende / TIG (1 à 3 cycles) / GAV (jusqu’à 30 min RP),,,
Délit mineur,"Toute personne qui détériore, altère ou détruit volontairement un bien public ou privé",6500,,,Amende / TIG (1 à 3 cycles) / GAV (jusqu’à 30 min RP),,,
Délit mineur,Trouble à l’ordre public,8000,5 minutes,,Amende / TIG (1 à 3 cycles) / GAV (jusqu’à 30 min RP),,,
Délit mineur,Usage d'arme blanche illégal,14500,,,Amende / TIG (1 à 3 cycles) / GAV (jusqu’à 30 min RP),,,
Délit mineur,Usurpation d'identité / fonction,18500,10 minutes,,Amende / TIG (1 à 3 cycles) / GAV (jusqu’à 30 min RP),,,
Délit mineur,Usurpation de fonction,16500,,Procureur,Amende / TIG (1 à 3 cycles) / GAV (jusqu’à 30 min RP),,,
Délit mineur,Usurpation d’identité,9000,,,Amende / TIG (1 à 3 cycles) / GAV (jusqu’à 30 min RP),,,
Délit mineur,Utiliser une plaque d’immatriculation falsifiée ou non autorisée est interdit.,3500,,,Amende / TIG (1 à 3 cycles) / GAV (jusqu’à 30 min RP),,,
Délit mineur,Violation de propriété fédéral,25000,,Procureur,Amende / TIG (1 à 3 cycles) / GAV (jusqu’à 30 min RP),,,
Délit mineur,Violation de propriété privée,17500,10 minutes,,Amende / TIG (1 à 3 cycles) / GAV (jusqu’à 30 min RP),,,
Délit mineur,Vol,16000,10 minutes,Dédommagement,Amende / TIG (1 à 3 cycles) / GAV (jusqu’à 30 min RP),,,
Délit mineur,Vol de véhicule,11500,10 minutes,Mise en fourrière,Amende / TIG (1 à 3 cycles) / GAV (jusqu’à 30 min RP),,,
Délit mineur,drogue,12000,10 minutes,Mise en fourrière du véhicule,Amende / TIG (1 à 3 cycles) / GAV (jusqu’à 30 min RP),,,
Délit mineur,Être en possession de munitions sans autorisation officielle,15000,,,x quantité Devient un trafic s’il y a plus de 20,,,
Délit mineur,Être en possession d’une arme à feu après l’annulation ou la suspension de son permis de chasse ,18000,,Procureur,Amende / TIG (1 à 3 cycles) / GAV (jusqu’à 30 min RP),,,
Délit majeur,Absence de documents officiels,15000,,Procureur,Amende / Prison (20-60 min RP) / TIG (3 à 6 cycles),,,
Délit majeur,Abus de pouvoir ou de voix,10000,,Procureur,Amende / Prison (20-60 min RP) / TIG (3 à 6 cycles),,,
Délit majeur,Braquage (banque centrale de Blaine County),120000,,Tribunal,Amende / Prison (20-60 min RP) / TIG (3 à 6 cycles),,,
Délit majeur,Braquage (banque centrale de Los Santos),120000,,Tribunal,Amende / Prison (20-60 min RP) / TIG (3 à 6 cycles),,,
Délit majeur,Braquage d'une Entreprise,50000,15 minutes,"Saisie armes / argent
Retrait PPA",Amende / Prison (20-60 min RP) / TIG (3 à 6 cycles),,,
Délit majeur,Braquage de Brinks,75000,,Procureur,Amende / Prison (20-60 min RP) / TIG (3 à 6 cycles),,,
Délit majeur,Braquage de Humane Labs,45000,,Procureur,Amende / Prison (20-60 min RP) / TIG (3 à 6 cycles),,,
Délit majeur,Braquage de banque,65000,,Procureur,Amende / Prison (20-60 min RP) / TIG (3 à 6 cycles),,,
Délit majeur,Braquage de bijouterie,25000,,Procureur,Amende / Prison (20-60 min RP) / TIG (3 à 6 cycles),,,
Délit majeur,Braquage de convoi,60000,,Procureur,Amende / Prison (20-60 min RP) / TIG (3 à 6 cycles),,,
Délit majeur,Braquage de morgue,55000,,Procureur,Amende / Prison (20-60 min RP) / TIG (3 à 6 cycles),,,
Délit majeur,Braquage de musée,40000,,Procureur,Amende / Prison (20-60 min RP) / TIG (3 à 6 cycles),,,
Délit majeur,Braquage de train,55000,,Procureur,Amende / Prison (20-60 min RP) / TIG (3 à 6 cycles),,,
Délit majeur,Braquage d’entreprise,80000,,Procureur,Amende / Prison (20-60 min RP) / TIG (3 à 6 cycles),,,
Délit majeur,Braquage à main armée Bijouterie,105000,20 minutes,"Saisie armes / argent
Retrait PPA",Amende / Prison (20-60 min RP) / TIG (3 à 6 cycles),,,
Délit majeur,Braquage à main armée Convoi,150000,20 minutes,"Saisie armes / argent
Retrait PPA",Amende / Prison (20-60 min RP) / TIG (3 à 6 cycles),,,
Délit majeur,Braquage à main armée Fleeca,120000,20 minutes,"Saisie armes / argent
Retrait PPA",Amende / Prison (20-60 min RP) / TIG (3 à 6 cycles),,,
Délit majeur,Braquage à main armée Supérette,13000,10 minutes,"Saisie armes / argent
Retrait PPA",Amende / Prison (20-60 min RP) / TIG (3 à 6 cycles),,,
Délit majeur,Concurrence déloyale,10000,,Procureur,Amende / Prison (20-60 min RP) / TIG (3 à 6 cycles),,,
Délit majeur,Destruction ou dissimulation de preuve,3000,,Procureur,Amende / Prison (20-60 min RP) / TIG (3 à 6 cycles),,,
Délit majeur,Detournement de fonds,2 x La somme détournée,15 minutes,,Amende / Prison (20-60 min RP) / TIG (3 à 6 cycles),,,
Délit majeur,Distribution de dividendes fictifs,50000,,Procureur,Amende / Prison (20-60 min RP) / TIG (3 à 6 cycles),,,
Délit majeur,Déclaration trompeuse,5000,,Procureur,Amende / Prison (20-60 min RP) / TIG (3 à 6 cycles),,,
Délit majeur,Délit de presse,30000,,Procureur,Amende / Prison (20-60 min RP) / TIG (3 à 6 cycles),,,
Délit majeur,Détention d'équipement gouvernemental ,80000,,Tribunal,Amende / Prison (20-60 min RP) / TIG (3 à 6 cycles),,,
Délit majeur,Détention illégale d'explosifs,5000,,Procureur,Amende / Prison (20-60 min RP) / TIG (3 à 6 cycles),,,
Délit majeur,Détention illégale de catégorie 2,20000,,Procureur,Amende / Prison (20-60 min RP) / TIG (3 à 6 cycles),,,
Délit majeur,Détention illégale de catégorie 3,30000,,Procureur,Amende / Prison (20-60 min RP) / TIG (3 à 6 cycles),,,
Délit majeur,Détention illégale de catégorie 4,50000,,Tribunal,Amende / Prison (20-60 min RP) / TIG (3 à 6 cycles),,,
Délit majeur,Détention illégale d’un entrepôt d'arme ou drogue,40000,,Procureur,Amende / Prison (20-60 min RP) / TIG (3 à 6 cycles) / Confiscation substances/numéraire / Perquisition RP (si cadre RP),,,
Délit majeur,Emploi Fictif,12000,5 minutes,,Amende / Prison (20-60 min RP) / TIG (3 à 6 cycles),,,
Délit majeur,Enlèvement,15000,,Procureur,Amende / Prison (20-60 min RP) / TIG (3 à 6 cycles),,,
Délit majeur,Entrave à une opération/enquête (police/justice) / Faux témoignagne,30000,15 minutes,,Amende / Prison (20-60 min RP) / TIG (3 à 6 cycles),,,
Délit majeur,Escroquerie,60000,,Procureur,Amende / Prison (20-60 min RP) / TIG (3 à 6 cycles),,,
Délit majeur,Espionnage industriel,5000,,Procureur,Amende / Prison (20-60 min RP) / TIG (3 à 6 cycles),,,
Délit majeur,Extorsion,25 000 $,,Procureur,Amende / Prison (20-60 min RP) / TIG (3 à 6 cycles),,,
Délit majeur,Extorsion d’un service public,70000,,Procureur,Amende / Prison (20-60 min RP) / TIG (3 à 6 cycles),,,
Délit majeur,Extorsion/Escroquerie,25000,10 minutes,Saisie biens/argent + Dédommagement,Amende / Prison (20-60 min RP) / TIG (3 à 6 cycles),,,
Délit majeur,Falsification de documents,70000,,Procureur,Amende / Prison (20-60 min RP) / TIG (3 à 6 cycles),,,
Délit majeur,Faux,24000,10 minutes,,Amende / Prison (20-60 min RP) / TIG (3 à 6 cycles),,,
Délit majeur,Faux témoignage,20000,,Procureur,Amende / Prison (20-60 min RP) / TIG (3 à 6 cycles),,,
Délit majeur,Harcèlement moral,15000,,Procureur,Amende / Prison (20-60 min RP) / TIG (3 à 6 cycles),,,
Délit majeur,Harcèlement physique,15000,,Procureur,Amende / Prison (20-60 min RP) / TIG (3 à 6 cycles),,,
Délit majeur,Homicide involontaire,80000,15 minutes,"Saisie armes
Suspension ou Retrait PPA",Amende / Prison (20-60 min RP) / TIG (3 à 6 cycles),,,
Délit majeur,Incitation,5000,,Procureur,Amende / Prison (20-60 min RP) / TIG (3 à 6 cycles),,,
Délit majeur,Maltraitance animale,6500,,Procureur,Amende / Prison (20-60 min RP) / TIG (3 à 6 cycles),,,
Délit majeur,Menace sur l’État,125000,,Tribunal,Amende / Prison (20-60 min RP) / TIG (3 à 6 cycles),,,
Délit majeur,Non-respect du cadre d’utilisation légitime de la force,20000,,Procureur,Amende / Prison (20-60 min RP) / TIG (3 à 6 cycles),,,
Délit majeur,Non-respect du contrôle judiciaire,60000,,Procureur,Amende / Prison (20-60 min RP) / TIG (3 à 6 cycles),,,
Délit majeur,Parjure,15000,,Procureur,Amende / Prison (20-60 min RP) / TIG (3 à 6 cycles),,,
Délit majeur,Possession d'arme de Cat.B sous interdiction PPA / Sans Permis,28000,10 minutes,Saisie armes,Amende / Prison (20-60 min RP) / TIG (3 à 6 cycles) / Saisie de l’arme / Suspension/annulation PPA (RP),,,
Délit majeur,Possession d'arme illégale de Cat.C ,62500,15 minutes,Saisies armes,Amende / Prison (20-60 min RP) / TIG (3 à 6 cycles),,,
Délit majeur,Possession d'arme illégale de Cat.D,28000,5 minutes,Saisies armes,Amende / Prison (20-60 min RP) / TIG (3 à 6 cycles),,,
Délit majeur,Possession de matériels destinés a la fabrication d'armes,20000,,Procureur,Amende / Prison (20-60 min RP) / TIG (3 à 6 cycles) / Saisie de l’arme / Suspension/annulation PPA (RP),,,
Délit majeur,Possession d’arme illégale de Cat A.,82500,20 minutes,"Saisie armes
Retrait PPA",Amende / Prison (20-60 min RP) / TIG (3 à 6 cycles),,,
Délit majeur,Prise d’otage,75000,40 minutes,x Nb otages,Amende / Prison (20-60 min RP) / TIG (3 à 6 cycles),,,
Délit majeur,Prise d’otage sur fonctionnaire,6000,,Procureur,Amende / Prison (20-60 min RP) / TIG (3 à 6 cycles),,,
Délit majeur,Pyromanie,65000,20 minutes,,Amende / Prison (20-60 min RP) / TIG (3 à 6 cycles),,,
Délit majeur,Recles de biens,30000,,Procureur,Amende / Prison (20-60 min RP) / TIG (3 à 6 cycles),,,
Délit majeur,Refus volontaire de se présenter devant une autorité judiciaire ou policière après une convocation légale,10000,,Procureur,Amende / Prison (20-60 min RP) / TIG (3 à 6 cycles),,,
Délit majeur,Tentative d'Extorsion/Escroquerie/Corruption,12000,10 minutes,,Amende / Prison (20-60 min RP) / TIG (3 à 6 cycles),,,
Délit majeur,Tentative d'évasion,45000,20 minutes,,Amende / Prison (20-60 min RP) / TIG (3 à 6 cycles),,,
Délit majeur,Tentative de meurtre ,127500,20 minutes,"Retrait PPA
Saisie des Armes",Amende / Prison (20-60 min RP) / TIG (3 à 6 cycles),,,
Délit majeur,Trafic d'armes,60000,,Tribunal,Amende / Prison (20-60 min RP) / TIG (3 à 6 cycles) / Confiscation substances/numéraire / Perquisition RP (si cadre RP) / Saisie de l’arme / Suspension/annulation PPA (RP),,,
Délit majeur,Trafic d'espéces protégées,35000,,Procureur,Amende / Prison (20-60 min RP) / TIG (3 à 6 cycles) / Confiscation substances/numéraire / Perquisition RP (si cadre RP),,,
Délit majeur,Trafic d'héroine ,2500,10 minutes,x qté,Amende / Prison (20-60 min RP) / TIG (3 à 6 cycles) / Confiscation substances/numéraire / Perquisition RP (si cadre RP),,,
Délit majeur,Trafic d'équipement millitaire ,70000,,Tribunal,Amende / Prison (20-60 min RP) / TIG (3 à 6 cycles) / Confiscation substances/numéraire / Perquisition RP (si cadre RP),,,
Délit majeur,Trafic de Champignon,2000,10 minutes,x qté,Amende / Prison (20-60 min RP) / TIG (3 à 6 cycles) / Confiscation substances/numéraire / Perquisition RP (si cadre RP),,,
Délit majeur,Trafic de Cocaïne ,2000,10 minutes,x qté,Amende / Prison (20-60 min RP) / TIG (3 à 6 cycles) / Confiscation substances/numéraire / Perquisition RP (si cadre RP),,,
Délit majeur,Trafic de Méthamphétamine,2500,10 minutes,x qté,Amende / Prison (20-60 min RP) / TIG (3 à 6 cycles) / Confiscation substances/numéraire / Perquisition RP (si cadre RP),,,
Délit majeur,Trafic de cannabis,1500,10 minutes,x qté,Amende / Prison (20-60 min RP) / TIG (3 à 6 cycles) / Confiscation substances/numéraire / Perquisition RP (si cadre RP),,,
Délit majeur,Trafic de drogue,50000,,Procureur,Amende / Prison (20-60 min RP) / TIG (3 à 6 cycles) / Confiscation substances/numéraire / Perquisition RP (si cadre RP),,,
Délit majeur,Trafic de munitions,500,,Procureur,Amende / Prison (20-60 min RP) / TIG (3 à 6 cycles) / Confiscation substances/numéraire / Perquisition RP (si cadre RP),,,
Délit majeur,Trafic d’armes,5000,25 minutes,"x qté
Retrait PPA",Amende / Prison (20-60 min RP) / TIG (3 à 6 cycles) / Confiscation substances/numéraire / Perquisition RP (si cadre RP) / Saisie de l’arme / Suspension/annulation PPA (RP),,,
Délit majeur,"Travail dissimulé
",18000,,Procureur,Amende / Prison (20-60 min RP) / TIG (3 à 6 cycles),,,
Délit majeur,Vice de contrat civil,2500,,Procureur,Amende / Prison (20-60 min RP) / TIG (3 à 6 cycles),,,
Délit majeur,Vice de contrat d’entreprise,3000,,Procureur,Amende / Prison (20-60 min RP) / TIG (3 à 6 cycles),,,
Délit majeur,Violation du Secret Professionnel,55000,15 minutes,,Amende / Prison (20-60 min RP) / TIG (3 à 6 cycles),,,
Délit majeur,Vol d’organe,100000,,Procureur,Amende / Prison (20-60 min RP) / TIG (3 à 6 cycles),,,
Crime,Association de malfaiteurs,450000 $ ,45 minutes,Par personne ,Prison (60-120 min RP) / Amende élevée / Saisie des biens/armes / Casier judiciaire RP,,,
Crime,Blanchiment,6 $ par 1$ blanchi,30 minutes,x $ blanchi,Prison (60-120 min RP) / Amende élevée / Saisie des biens/armes / Casier judiciaire RP,,,
Crime,Braquage de banque centrale,165000 $,40 minutes,"Saisie du butin
Retrait PPA",Prison (60-120 min RP) / Amende élevée / Saisie des biens/armes / Casier judiciaire RP / Perte d’emploi public RP / Inéligibilité à fonctions RP,,,
Crime,Cavale,250000 $ ,30 minutes,,Prison (60-120 min RP) / Amende élevée / Saisie des biens/armes / Casier judiciaire RP,,,
Crime,Corruption,155000 $,20 minutes,,Prison (60-120 min RP) / Amende élevée / Saisie des biens/armes / Casier judiciaire RP,,,
Crime,Destruction de preuve(s),60900 $,40 minutes,,Prison (60-120 min RP) / Amende élevée / Saisie des biens/armes / Casier judiciaire RP,,,
Crime,"Evasion/Organisation d’Evasion 
(Prison ou convoi)",352500 $ ,/,Temps de prison doublé ,Prison (60-120 min RP) / Amende élevée / Saisie des biens/armes / Casier judiciaire RP,,,
Crime,Fraude Fiscale,"4,5",40 minutes,x $ non déclaré ,Prison (60-120 min RP) / Amende élevée / Saisie des biens/armes / Casier judiciaire RP,,,
Crime,Haute trahison,90000,40 minutes,,Prison (60-120 min RP) / Amende élevée / Saisie des biens/armes / Casier judiciaire RP,,,
Crime,Kidnapping,18000,40 minutes,x Nb personnes,Prison (60-120 min RP) / Amende élevée / Saisie des biens/armes / Casier judiciaire RP,,,
Crime,Meurtre (second degré),97500,40 minutes,"Homicide volontaire non prémédité 
Retrait PPA",Prison (60-120 min RP) / Amende élevée / Saisie des biens/armes /  Casier judiciaire RP / Perte d’emploi public RP / Inéligibilité à fonctions RP,,,
Crime,Meurtre sur agent des services publics,1 450 000$,120 minutes,"Homicide volontaire 
Retrait PPA",Prison (60-120 min RP) / Amende élevée / Saisie des biens/armes / Casier judiciaire RP / Perte d’emploi public RP / Inéligibilité à fonctions RP,,,
Crime,Séquestration,30000,40 minutes,x Nb personnes,Prison (60-120 min RP) / Amende élevée / Saisie des biens/armes / Casier judiciaire RP,,,
Crime,Tentative d'assassinat (prémédité),63000,40 minutes,Retrait de PPA,Prison (60-120 min RP) / Amende élevée / Saisie des biens/armes / Casier judiciaire RP,,,
Crime,Tentative d'homicide sur représentant de l'Etat,145000,40 minutes,,Prison (60-120 min RP) / Amende élevée / Saisie des biens/armes / Casier judiciaire RP / Perte d’emploi public RP / Inéligibilité à fonctions RP,,,
Crime,Terrorisme,500000,40 minutes,Saisie compte et biens/propriétés,Prison (60-120 min RP) / Amende élevée / Saisie des biens/armes / Casier judiciaire RP / Peine maximale RP / Coordination DOJ/SASP/SAMD/SAFD,,,
Crime,Trafic de drogue à grande ampleur,100,,Tribunal,x quantité ( plus de 100 pochon ),,,
Crime,Usage de Faux,95000,40 minutes,,Prison (60-120 min RP) / Amende élevée / Saisie des biens/armes / Casier judiciaire RP,,,
Crime,agression sexuelle,100000,,Tribunal,Prison (60-120 min RP) / Amende élevée / Saisie des biens/armes / Casier judiciaire RP,,,
Crime,apologie du terrorisme,500000,,Tribunal,Prison (60-120 min RP) / Amende élevée / Saisie des biens/armes / Casier judiciaire RP / Peine maximale RP / Coordination DOJ/SASP/SAMD/SAFD,,,
Crime,assassinat,300000,,Tribunal,Prison (60-120 min RP) / Amende élevée / Saisie des biens/armes / Casier judiciaire RP,,,
Crime,atteinte à la sécurité intérieure,150000,,Tribunal,Prison (60-120 min RP) / Amende élevée / Saisie des biens/armes / Casier judiciaire RP,,,
Crime,attentat,500000,,Tribunal,Prison (60-120 min RP) / Amende élevée / Saisie des biens/armes / Casier judiciaire RP / Peine maximale RP / Coordination DOJ/SASP/SAMD/SAFD,,,
Crime,auteur de torture,120000,,Tribunal,Prison (60-120 min RP) / Amende élevée / Saisie des biens/armes / Casier judiciaire RP,,,
Crime,auteur d’association de malfaiteurs,50000,,Tribunal,Prison (60-120 min RP) / Amende élevée / Saisie des biens/armes / Casier judiciaire RP,,,
Crime,blanchiment d’argent,6,,Tribunal,6$ par 1$ blanchi,,,
Crime,braquage de convoi pénitentiaire,125000,,Tribunal,Prison (60-120 min RP) / Amende élevée / Saisie des biens/armes / Casier judiciaire RP / Perte d’emploi public RP / Inéligibilité à fonctions RP,,,
Crime,braquage d’un établissement de l’État,Tribunal Fixation,,Tribunal,Prison (60-120 min RP) / Amende élevée / Saisie des biens/armes / Casier judiciaire RP / Perte d’emploi public RP / Inéligibilité à fonctions RP,,,
Crime,coup d’État,Tribunal Fixation,,Tribunal,Prison (60-120 min RP) / Amende élevée / Saisie des biens/armes / Casier judiciaire RP,,,
Crime,exercice illégal de la médecine,220000,,Tribunal,Prison (60-120 min RP) / Amende élevée / Saisie des biens/armes / Casier judiciaire RP,,,
Crime,homicide volontaire ou involontaire,150000,,Tribunal,Prison (60-120 min RP) / Amende élevée / Saisie des biens/armes / Casier judiciaire RP / Perte d’emploi public RP / Inéligibilité à fonctions RP,,,
Crime,mandat criminel,200000,,Tribunal,Prison (60-120 min RP) / Amende élevée / Saisie des biens/armes / Casier judiciaire RP,,,
Crime,mutilation,120000,,Tribunal,Prison (60-120 min RP) / Amende élevée / Saisie des biens/armes / Casier judiciaire RP,,,
Crime,prise d’otage à grande d’ampleur,10000,,Tribunal,x quantité,,,
Crime,trafic d’organe,500000,,Tribunal,Prison (60-120 min RP) / Amende élevée / Saisie des biens/armes / Casier judiciaire RP,,,
Crime,trahison,Tribunal Fixation,,Tribunal,Prison (60-120 min RP) / Amende élevée / Saisie des biens/armes / Casier judiciaire RP,,,
Crime,évasion ou d’organisation d’évasion,145000,,Tribunal,Prison (60-120 min RP) / Amende élevée / Saisie des biens/armes / Casier judiciaire RP,,,